model_name,vehicle_manufacturer_name
Q4 e-tron,AUDI
RS e-tron GT,AUDI
Q4 e-tron Sportback,AUDI
S3,AUDI
RS3,AUDI
A3,AUDI
A3 Quattro,AUDI
e-tron GT,AUDI
iX,BMW
i4,BMW
230i,BMW
M340i,BMW
M440i,BMW
330e xDrive,BMW
430i xDrive Gran Coupe,BMW
M2,BMW
X7,BMW
i7,BMW
Z4,BMW
X1,BMW
230i xDrive,BMW
M340i xDrive,BMW
330i xDrive,BMW
330e,BMW
740i,BMW
430i Gran Coupe,BMW
330i,BMW
M440i xDrive,BMW
M4,BMW
M440i xDrive Gran Coupe,BMW
M440i Gran Coupe,BMW
760i xDrive,BMW
Enclave,BUICK
LYRIQ,CADILLAC
Silverado 1500,CHEVROLET
Traverse,CHEVROLET
Equinox,CHEVROLET
Bolt EV,CHEVROLET
Bolt EUV,CHEVROLET
Trax,CHEVROLET
Corvette,CHEVROLET
Southwind,FLEETWOOD
Flair,FLEETWOOD
Expedition,FORD
F-150 Lightning,FORD
Maverick,FORD
E-Transit,FORD
E-350 Super Duty,FORD
GV70,GENESIS
GV60,GENESIS
Sierra 2500 HD,GMC
Sierra 3500 HD,GMC
Hummer EV Pickup,GMC
Hummer EV SUV,GMC
Terrain,GMC
300.0,HINO
Nautica,HOLIDAY RAMBLER
Civic,HONDA
HR-V,HONDA
Pilot,HONDA
CR-V,HONDA
Tucson,HYUNDAI
Palisade,HYUNDAI
Kona Electric,HYUNDAI
Ioniq 5,HYUNDAI
Santa Cruz,HYUNDAI
Santa Fe,HYUNDAI
Elantra N,HYUNDAI
QX55,INFINITI
F-Type,JAGUAR
Grand Wagoneer,JEEP
Grand Cherokee,JEEP
Wagoneer L,JEEP
Wagoneer,JEEP
Grand Wagoneer L,JEEP
Niro,KIA
Telluride,KIA
Sportage,KIA
Soul,KIA
Niro EV,KIA
EV6,KIA
Range Rover Sport,LAND ROVER
Range Rover,LAND ROVER
Defender 130,LAND ROVER
NX250,LEXUS
NX450h+,LEXUS
NX350h,LEXUS
NX350,LEXUS
IS500,LEXUS
Navigator,LINCOLN
Emira,LOTUS
Air,LUCID
CX-5,MAZDA
MX-30 EV,MAZDA
CX-50,MAZDA
EQB 250,MERCEDES-BENZ
SL63 AMG,MERCEDES-BENZ
Maybach S680,MERCEDES-BENZ
C300,MERCEDES-BENZ
S580e,MERCEDES-BENZ
EQB 300,MERCEDES-BENZ
EQB 350,MERCEDES-BENZ
SL55 AMG,MERCEDES-BENZ
EQS 450+,MERCEDES-BENZ
EQS AMG,MERCEDES-BENZ
EQS 580,MERCEDES-BENZ
Outlander,MITSUBISHI
Mirage,MITSUBISHI
Eclipse Cross,MITSUBISHI
Mirage G4,MITSUBISHI
Murano,NISSAN
Pathfinder,NISSAN
Altima,NISSAN
Frontier,NISSAN
GT-R,NISSAN
Polestar 2,POLESTAR
R1S,RIVIAN
R1T,RIVIAN
Forester,SUBARU
Outback,SUBARU
Legacy,SUBARU
Solterra,SUBARU
BRZ,SUBARU
Sequoia,TOYOTA
Tundra,TOYOTA
bZ4X,TOYOTA
Corolla Cross,TOYOTA
GR86,TOYOTA
GR Corolla,TOYOTA
Taos,VOLKSWAGEN
Jetta,VOLKSWAGEN
GTI,VOLKSWAGEN
Tiguan,VOLKSWAGEN
Golf R,VOLKSWAGEN
C40 Recharge,VOLVO
XC40,VOLVO
Integra,ACURA
MDX,ACURA
RDX,ACURA
TLX,ACURA
Giulia,ALFA ROMEO
Stelvio,ALFA ROMEO
Tonale,ALFA ROMEO
DB11,ASTON MARTIN
DBS,ASTON MARTIN
DBX,ASTON MARTIN
DBX707,ASTON MARTIN
Vantage,ASTON MARTIN
A4 allroad,AUDI
A4 Quattro,AUDI
A5 Quattro,AUDI
A5 Sportback,AUDI
A6 allroad,AUDI
A6 Quattro,AUDI
A7 Sportback,AUDI
A8 Quattro,AUDI
e-tron Quattro,AUDI
e-tron S,AUDI
e-tron S Sportback,AUDI
e-tron Sportback,AUDI
Q3,AUDI
Q5,AUDI
Q5 Sportback,AUDI
Q7,AUDI
Q8,AUDI
R8,AUDI
RS Q8,AUDI
RS5,AUDI
RS5 Sportback,AUDI
RS7 Sportback,AUDI
S4,AUDI
S5,AUDI
S6,AUDI
S7 Sportback,AUDI
S8,AUDI
SQ5 Sportback,AUDI
SQ7,AUDI
SQ8,AUDI
TT Quattro,AUDI
TT RS Quattro,AUDI
TTS Quattro,AUDI
Bentayga EWB,BENTLEY
Continental,BENTLEY
Flying Spur,BENTLEY
All American FE,BLUE BIRD
All American RE,BLUE BIRD
SHL All American,BLUE BIRD
Vision School Bus,BLUE BIRD
118i,BMW
128ti,BMW
220i,BMW
220i Gran Coupe,BMW
430i,BMW
440i Gran Coupe,BMW
530e,BMW
530i,BMW
840i,BMW
840i Gran Coupe,BMW
840i xDrive,BMW
840i xDrive Gran Coupe,BMW
Alpina B8 Gran Coupe,BMW
Alpina XB7,BMW
iX xDrive40,BMW
iX xDrive50,BMW
M135i,BMW
M235i xDrive Gran Coupe,BMW
M240i,BMW
M240i xDrive,BMW
M3,BMW
M5,BMW
M550i xDrive,BMW
M760i xDrive,BMW
M8,BMW
M8 Gran Coupe,BMW
M850i xDrive,BMW
M850i xDrive Gran Coupe,BMW
X2,BMW
X3,BMW
X4,BMW
X5,BMW
X6,BMW
Encore GX,BUICK
Envision,BUICK
CT4,CADILLAC
CT5,CADILLAC
Escalade,CADILLAC
Escalade ESV,CADILLAC
XT4,CADILLAC
XT5,CADILLAC
XT6,CADILLAC
Alsvin,CHANGAN
CS35,CHANGAN
CS55 Plus,CHANGAN
Blazer,CHEVROLET
Camaro,CHEVROLET
Captiva,CHEVROLET
Colorado,CHEVROLET
Express 2500,CHEVROLET
Express 3500,CHEVROLET
Grove,CHEVROLET
LCF 3500,CHEVROLET
LCF 4500,CHEVROLET
LCF 4500XD,CHEVROLET
LCF 5500XD,CHEVROLET
Malibu,CHEVROLET
Onix,CHEVROLET
S10 Max,CHEVROLET
Silverado 2500 HD,CHEVROLET
Silverado 3500 HD,CHEVROLET
Suburban,CHEVROLET
Tahoe,CHEVROLET
Tornado Van,CHEVROLET
Tracker,CHEVROLET
Trailblazer,CHEVROLET
Tiggo 7PRO,CHIREY
Tiggo 8PRO,CHIREY
Pacifica,CHRYSLER
Durango,DODGE
296 GTB,FERRARI
296 GTS,FERRARI
812 GTS,FERRARI
Portofino M,FERRARI
Roma,FERRARI
SF90 Spider,FERRARI
SF90 Stradale,FERRARI
Pulse,FIAT
Bronco,FORD
Bronco Sport,FORD
E-450 Super Duty,FORD
Edge,FORD
Escape,FORD
Explorer,FORD
F-150,FORD
F-250 Super Duty,FORD
F-350 Super Duty,FORD
F650,FORD
F750,FORD
Mustang Mach-E,FORD
Police Interceptor Utility,FORD
Ranger,FORD
108SD,FREIGHTLINER
114SD,FREIGHTLINER
122SD,FREIGHTLINER
B2,FREIGHTLINER
Cascadia,FREIGHTLINER
M2 106,FREIGHTLINER
M2 112,FREIGHTLINER
G70,GENESIS
G80,GENESIS
GV80,GENESIS
Acadia,GMC
Canyon,GMC
Hummer EV,GMC
Savana 2500,GMC
Savana 3500,GMC
Sierra 1500,GMC
Yukon,GMC
Yukon XL,GMC
198.0,HINO
258.0,HINO
268.0,HINO
338.0,HINO
358.0,HINO
Odyssey,HONDA
Passport,HONDA
Ridgeline,HONDA
Elantra,HYUNDAI
Grand i10,HYUNDAI
Kona,HYUNDAI
Kona N,HYUNDAI
Nexo,HYUNDAI
Sonata,HYUNDAI
Venue,HYUNDAI
Q50,INFINITI
QX50,INFINITI
QX60,INFINITI
QX80,INFINITI
NPR-HD,ISUZU
NQR,ISUZU
NRR,ISUZU
E Sunray,JAC
E10X,JAC
EJ7,JAC
Frison,JAC
J7,JAC
SEI 2,JAC
SEI 3,JAC
SEI 4,JAC
SEI 7,JAC
Sunray,JAC
E-Pace,JAGUAR
F-Pace,JAGUAR
I-Pace,JAGUAR
XF,JAGUAR
Cherokee,JEEP
Compass,JEEP
Gladiator,JEEP
Grand Cherokee L,JEEP
Renegade,JEEP
Wrangler,JEEP
GS-6,KARMA
GSe-6,KARMA
K270,KENWORTH
K370,KENWORTH
T270,KENWORTH
T280,KENWORTH
T370,KENWORTH
T380,KENWORTH
T400,KENWORTH
T480,KENWORTH
T680,KENWORTH
T800,KENWORTH
T880,KENWORTH
W900,KENWORTH
W990,KENWORTH
Carnival,KIA
Forte,KIA
Forte5,KIA
K5,KIA
Seltos,KIA
Sorento,KIA
Stinger,KIA
Huracan,LAMBORGHINI
Urus,LAMBORGHINI
Defender 110,LAND ROVER
Defender 90,LAND ROVER
Discovery,LAND ROVER
Discovery Sport,LAND ROVER
Range Rover Evoque,LAND ROVER
Range Rover Velar,LAND ROVER
ES250,LEXUS
GX460,LEXUS
IS300,LEXUS
IS350,LEXUS
LX600,LEXUS
RZ450e,LEXUS
UXh,LEXUS
Aviator,LINCOLN
Nautilus,LINCOLN
Anthem,MACK
Granite,MACK
LR,MACK
MD7,MACK
Pinnacle,MACK
TerraPro,MACK
Ghibli,MASERATI
Grecale,MASERATI
Levante,MASERATI
MC20,MASERATI
Quattroporte,MASERATI
2.0,MAZDA
CX-30,MAZDA
Artura,MCLAREN
AMG GT 63,MERCEDES-BENZ
AMG GT 63 S,MERCEDES-BENZ
C43 AMG,MERCEDES-BENZ
C63 AMG,MERCEDES-BENZ
CLS450,MERCEDES-BENZ
CLS53 AMG,MERCEDES-BENZ
EQS 53 AMG,MERCEDES-BENZ
GLA250,MERCEDES-BENZ
GLA35 AMG,MERCEDES-BENZ
GLA45 AMG,MERCEDES-BENZ
GLB250,MERCEDES-BENZ
GLB35 AMG,MERCEDES-BENZ
GLE53 AMG,MERCEDES-BENZ
GLE63 AMG S,MERCEDES-BENZ
Maybach S580,MERCEDES-BENZ
Metris,MERCEDES-BENZ
S500,MERCEDES-BENZ
S580,MERCEDES-BENZ
Sprinter 1500,MERCEDES-BENZ
Sprinter 2500,MERCEDES-BENZ
Sprinter 3500,MERCEDES-BENZ
Sprinter 3500XD,MERCEDES-BENZ
Cooper,MINI
Cooper Clubman,MINI
Cooper Countryman,MINI
L200,MITSUBISHI
Xpander,MITSUBISHI
Ariya,NISSAN
Armada,NISSAN
Kicks,NISSAN
LEAF,NISSAN
Maxima,NISSAN
Rogue,NISSAN
Sentra,NISSAN
Titan,NISSAN
Titan XD,NISSAN
Versa,NISSAN
220.0,PETERBILT
337.0,PETERBILT
348.0,PETERBILT
365.0,PETERBILT
367.0,PETERBILT
389.0,PETERBILT
520.0,PETERBILT
536.0,PETERBILT
537.0,PETERBILT
548.0,PETERBILT
567.0,PETERBILT
579.0,PETERBILT
A4,AUDI
Expert,PEUGEOT
Landtrek,PEUGEOT
Manager,PEUGEOT
Partner,PEUGEOT
Rifter,PEUGEOT
718 Boxster,PORSCHE
718 Cayman,PORSCHE
718 Spyder,PORSCHE
911.0,PORSCHE
Cayenne,PORSCHE
Macan,PORSCHE
Panamera,PORSCHE
Taycan,PORSCHE
High Decker,PREVOST
X3 Coach,PREVOST
1500 Classic,RAM
ProMaster 1500,RAM
ProMaster 2500,RAM
ProMaster 3500,RAM
Kangoo,RENAULT
KWID,RENAULT
Oroch,RENAULT
RCV-500,RIVIAN
RCV-700,RIVIAN
Cullinan,ROLLS-ROYCE
Ghost,ROLLS-ROYCE
Phantom,ROLLS-ROYCE
K3,SPARTAN MOTORS
Ascent,SUBARU
Crosstrek,SUBARU
Impreza,SUBARU
WRX,SUBARU
Swift,SUZUKI
3.0,TESLA
S,TESLA
X,TESLA
Y,TESLA
Saf-T-Liner,THOMAS
Transit Liner,THOMAS
4Runner,TOYOTA
Camry,TOYOTA
Corolla,TOYOTA
GR Supra,TOYOTA
Highlander,TOYOTA
Mirai,TOYOTA
RAV4,TOYOTA
RAV4 Prime,TOYOTA
Sienna,TOYOTA
Tacoma,TOYOTA
Venza,TOYOTA
Arteon,VOLKSWAGEN
Atlas,VOLKSWAGEN
Atlas Cross Sport,VOLKSWAGEN
ID.4,VOLKSWAGEN
S60,VOLVO
S90,VOLVO
V60,VOLVO
V60 Cross Country,VOLVO
VHD,VOLVO
VNL,VOLVO
VNR,VOLVO
XC40 Recharge,VOLVO
XC60,VOLVO
XC90,VOLVO
4700SB,WESTERN STAR
4700SF,WESTERN STAR
4900EX,WESTERN STAR
4900FA,WESTERN STAR
4900SA,WESTERN STAR
E450,MERCEDES-BENZ
Transit Connect,FORD
Transit-250,FORD
2500.0,RAM
3500.0,RAM
Aucun,BMW
CLIO,RENAULT
aucun,IVECO
IVECO 6*6,IVECO
VCUD40,NISSAN
GOLF,VOLKSWAGEN
POLO,VOLKSWAGEN
520i,BMW
PICANTO,KIA
SCUDO,FIAT
MEGANE,RENAULT
207,PEUGEOT
HILUX,TOYOTA
XMQ6552,KING LONG
GRANDE PUNTO,FIAT
PUNTO,FIAT
2008,PEUGEOT
208,PEUGEOT
107,PEUGEOT
Dokker,DACIA
DOKKER VAN LUX,DACIA
PASSAT,VOLKSWAGEN
DIAMOND,MOTOCYCLE
MBK,DIAMOND
FIORINO MULTIJET,FIAT
TIVOLI,SSANGYONG
PAJERO,MITSUBISHI
MAZDA 3,MAZDA
C-Elysée,CITROËN
C1,CITROËN
C3,CITROËN
C4,CITROËN
C5,CITROËN
C4 PICASSO,CITROËN
C4 CACTUS,CITROËN
C3 AIRCROSS,CITROËN
JUMPY,CITROËN
NEMO,CITROËN
JUMPER,CITROËN
BERLINGO,CITROËN
BERLINGO VAN,CITROËN
DS3,CITROËN
DS4,CITROËN
BIPPER,PEUGEOT
BOXER,PEUGEOT
408,PEUGEOT
206,PEUGEOT
CAPTUR,RENAULT
DUSTER,RENAULT
MEGANE SEDAN,RENAULT
IBIZA,SEAT
ARONA,SEAT
LEON,SEAT
ATECA,SEAT
TARRACO,SEAT
AGYA,TOYOTA
YARIS,TOYOTA
HIACE,TOYOTA
LAND CRUISER,TOYOTA
PRADO,TOYOTA
COASTER,TOYOTA
FABIA,SKODA
OCTAVIA,SKODA
CORSA,OPEL
MOKKA,OPEL
ASTRA,OPEL
COMBO CARGO,OPEL
206+,PEUGEOT
PICK UP,PEUGEOT
PARTNER TEPEE,PEUGEOT
407 SEDAN,PEUGEOT
307,PEUGEOT
308 CC,PEUGEOT
106,PEUGEOT
301,PEUGEOT
3008,PEUGEOT
5008,PEUGEOT
205,PEUGEOT
308,PEUGEOT
407,PEUGEOT
406,PEUGEOT
R5,RENAULT
R19,RENAULT
CLIO SYMBOL,RENAULT
SYMBOL,RENAULT
CLIO CAMPUS,RENAULT
FLUENCE,RENAULT
FIAT 500,FIAT
PANDA,FIAT
TIPO BERLINE,FIAT
DOBLO COMBI,FIAT
DOBLO,FIAT
FIORINO,FIAT
DUCATO,FIAT
i20,HYUNDAI
i30,HYUNDAI
BAYON,HYUNDAI
ZIP,PIAGGIO
PIAGGIO 1,PIAGGIO
LIBERTY,PIAGGIO
MEDLEY,PIAGGIO
BEVERLY,PIAGGIO
PIAGGIO MP3,PIAGGIO
H6,GREATWALL
C180,MERCEDES-BENZ
RIO,KIA
UNISCOOT,FORZA MOTO
FORZA FTM,FORZA MOTO
ZIMOTA VESPA,ZIMOTA
ZIMOTA KEE,ZIMOTA
MBK YAMAHA MOTOR ESPANA 5AD,MBK YAMAHA MOTOR
VOLVO 240,VOLVO
RENAULT SYMBOL,RENAULT
KING LONG BUS,KING LONG
QUBO,FIAT
D-MAX,ISUZU
XENON,TATA
VOLVO B 11 R,VOLVO
SRA2R4T,HAZMI
TAFE 5900 DI 4WD,TAFE
R19 EUROPA,RENAULT
CHERY TIGGO 2,CHERY
LOGAN,DACIA
CLIO CLASSIC,RENAULT
EXPRESS,RENAULT
EXPRESS VAN,RENAULT
CRUZE,CHEVROLET
A418T,AUDI
DOUBLE CABINE,TATA
PUNTO CLASSIC,FIAT
TRANSPORTER,VOLKSWAGEN
DF700,DONGFENG - DFM
CLIO 4,RENAULT
GLC 350e,MERCEDES-BENZ
BT504X4,MAZDA
HA110-CFC,HAMMER
FIAT ULYSSE,FIAT
CLIO Tce,RENAULT
DUCATO 130MULTIJ,FIAT
CHERY TIGGO 3,CHERY
ECOGYRO GScooter S9 XBOOST,SCOOTER
KUV100NXTK8,MAHINDRA
TOURAN,VOLKSWAGEN
NKR,ISUZU
FIESTA,FORD
405,PEUGEOT
FOCUS,FORD
NAVARA,NISSAN
404 UXD,PEUGEOT
Peugeot 404 pick-up - bâché,PEUGEOT
MAX 3,MOTOCYCLE
L2004WD,MITSUBISHI
PICANTO GT LINE,KIA
GOLF 3,VOLKSWAGEN
MASTER,RENAULT
FORZA KTM,FORZA MOTO
A418FSI,AUDI
VESPA,DAYUN MOTO
Vespa,Mobylette
TIPO,FIAT
PALIO,FIAT
AVANZA,TOYOTA
305,PEUGEOT
ACTYON,SSANGYONG
316l,BMW
PUNTO II,FIAT
404,PEUGEOT
Mustange,FORD
CADDY TDI,VOLKSWAGEN
CADDY,VOLKSWAGEN
AMAROK,VOLKSWAGEN
MODUS,RENAULT
PARTNER XP,PEUGEOT
TOKTOK,UNISCOOT
35-150 DAILY,IVECO
CHL 30,CHL
SAXO,CITROËN
YARIS SEDAN,TOYOTA
B180CDI,MERCEDES-BENZ
DAIMLER,MERCEDES-BENZ
DZIRE,SUZUKI
Z750,KAWASAKI
CELERIO,SUZUKI
SCENIC,RENAULT
DACIA SANDERO,DACIA
PUNTO EVO,FIAT
AERIO,SUZUKI
DOBLO 90 MULTIJE,FIAT
LEON TSI,SEAT
c 220 cdi,MERCEDES-BENZ
MAZDA 2,MAZDA
508,PEUGEOT
KINGO,KING LONG
Attrage,MITSUBISHI
JETTA TDI,VOLKSWAGEN
IX35,HYUNDAI
POLO 12L TDI,VOLKSWAGEN
MG ZS,MG Motors
A3 35 TFSI,AUDI
BOOSTER SPIRIT MOTO,BOOSTER
DFM JOYCAR S50,DONGFENG - DFM
H1 BUS,HYUNDAI
GOLF TDI,VOLKSWAGEN
MEGANE COUPEE,RENAULT
ARRIZO 3,CHERY
C-HR,TOYOTA
B7R,VOLVO
MICRA,NISSAN
BREAK,BMW
CRAFTEUR,VOLKSWAGEN
ARONA FR,SEAT
GOLF 6,VOLKSWAGEN
RUSH,TOYOTA
ARRIZZO 5,CHERY
308 HDI,PEUGEOT
FOTON AUMARC TX351,FOTON
SCOOTER FTM,SCOOTER
SCOOTER FTM GOGO,SCOOTER
E220CDIM6,MERCEDES-BENZ
GOLF 5,VOLKSWAGEN
PUNTO 55,FIAT
QQ,CHERY
POLO 1.4,VOLKSWAGEN
SIENA,FIAT
BT 50,MAZDA
ACCENT,HYUNDAI
REWARD-NP,ISUZU
CIAO,PIAGGIO
GRAND i10 1.2,HYUNDAI
80,HONDA
QASHQAI,NISSAN
ZR800,KAWASAKI
ZAFIRA,OPEL
1181,BMW
203CL,MERCEDES-BENZ
FORZA FIRST,FORZA MOTO
JUKE,NISSAN
POLO 12L,VOLKSWAGEN
110-90DT,FIAT
IBIZA FR,SEAT
KORAK FTM,KORAK MOTO
KOLEOS 2.0 D,RENAULT
FORZA MAX,FORZA MOTO
FORZA GSM,FORZA MOTO
IBIZA 12,SEAT
SCOOTER SMART,SCOOTER
POLO 12,VOLKSWAGEN
i10,HYUNDAI
306,PEUGEOT
306XN,PEUGEOT
HUMMER MOTO 2,HUMMER MOTO
POLO SEDAN,VOLKSWAGEN
MOTO,BMW
PIAGGIO,LIBERTY MOTO
ZR806,KAWASAKI
POLO 12 TREND,VOLKSWAGEN
A5,AUDI
CERATO EX,KIA
116I,BMW
MEGANE CL,RENAULT
XSTRA UNISCOOT,SCOOTER
AGYA 1.2 G,TOYOTA
G CLASS,MERCEDES-BENZ
POLO 6,VOLKSWAGEN
FABIA HATCH,SKODA
POLO 14,VOLKSWAGEN
TEZLION BUS,TEZELLER
B180,MERCEDES-BENZ
SCOOTER,SMART
TOUAREG,VOLKSWAGEN
CLIO 3,RENAULT
DOBLO MAXI 90 MUL,FIAT
BERLINGO B9,CITROËN
TARRACO FR,SEAT
C15,CITROËN
ASTRA G,OPEL
CAPTIVA PREMIER,CHEVROLET
IBIZA 1 6,SEAT
CLS250,MERCEDES-BENZ
YEDEA LR4,Mobylette
DUSTER 4WD,DACIA
RENEGADE LIMIT,JEEP
H1,HYUNDAI
JETTA 16 TREND,VOLKSWAGEN
S1000XR,BMW
CORSA B,OPEL
SUPER MAX,Mobylette
116,BMW
X250,MERCEDES-BENZ
ALFA MITO,ALFA ROMEO
XENON DLE,TATA
HONDA CITY,HONDA
PICK UP S6,MAHINDRA
GEELY GX,GEELY
FORZA,HAMMER
DOKKER VAN 2PL LU,DACIA
R11,RENAULT
YAMAHA,NITRO MOTO
Daimler Chrysler,MERCEDES-BENZ
YARIS E,TOYOTA
BRAVO,FIAT
320D,BMW
PICK UP 4*4,PEUGEOT
LINEA,FIAT
35C15DAILY,IVECO
GOLF 5 BK,VOLKSWAGEN
C180K,MERCEDES-BENZ
SONIC LT,CHEVROLET
MS150Z2,MISTRAL MOTO
SHACMAN X3000-430,SHACMAN
Giulietta,ALFA ROMEO
KADJAR,RENAULT
B12MA,VOLVO
FREE,PIAGGIO
BALENO,SUZUKI
ZXMCO ZX125T-12,ZXMCO
SPARK,CHEVROLET
LOGAN MCV,DACIA
STILO,FIAT
OPTIMA,KIA
520D,BMW
MOTO STAR,FORZA MOTO
2008 PURETECH,PEUGEOT
PANDA CROSS,FIAT
EVOQUE,JAGUAR - LAND ROVER
SELTOS 1.4,KIA
Twingo,RENAULT
POLO 7,VOLKSWAGEN
MG GT BVA,MG Motors
SPRINTER,MERCEDES-BENZ
CHERY TIGGO 3X,CHERY
318l,BMW
PEUGEOT 4*4,PEUGEOT
KOLEOS,RENAULT
VMAX 1700,YAMAHA MOTO
VMAX,YAMAHA MOTO
FIRST MOTO,MOTOCYCLE
E200,MERCEDES-BENZ
K02S,DFSK
XSARA,CITROËN
XIAMEN,KING LONG
CADDY COMBI,VOLKSWAGEN
N 145 S/E27,OTOKAR
PARTNER,ZIMOTA
GEELY GX3,GEELY
AMAROK TDI,VOLKSWAGEN
MAX II,FIRST MOTOS
Veloster,HYUNDAI
Corolla Sedan,TOYOTA
Rio CRDI,KIA
Vostro,SCOOTER
Bulldozer,CATERPILLAR
SCIROCC014LSPOR,VOLKSWAGEN
Trafic,RENAULT
CTTE,ISUZU
R9,RENAULT
Express,RENAULT
BT50 4X4,MAZDA
Espace 2.0 t,RENAULT
Espace,RENAULT
KERAX37032,RENAULT
RKS CLASSIC 125,Zimota Keeway Moto
Haval,GREATWALL
HAVAL GWM H6,GREATWALL
HAVAL H6,GREATWALL
CLA 250,MERCEDES-BENZ
MG 3,MG Motors
504,PEUGEOT
CADDY MAXI FOURGO,VOLKSWAGEN
GLK 200,MERCEDES-BENZ
KONA HYBRID,HYUNDAI
HAVAL JOLION,GREATWALL
Chrysler,JEEP
Transporter TD,VOLKSWAGEN
LOVOLFL956F,LOVOL
BRAVIA PLUS,BRAVIA MOTO
Raptor,FORD
Carens,KIA
XUV 300 W6,MAHINDRA
MINITRUCK,DFSK
FORZA GOLD,FORZA MOTO
HMK102B,HIDROMEK
206SD,PEUGEOT
PFGO,APRILIA
BW 550,YAMAHA MOTO
POLO 3,VOLKSWAGEN
F12,MALAGUTI
L3540D,KUBOTA
TRANSIT,FORD
3008 GT LINE,PEUGEOT
Aprilia Scarabeo Moto,APRILIA
TATA SUPER A C E,TATA
HIGER BUS,HIGER
SEDAN,VOLKSWAGEN
Ranger XLT,FORD
A180,MERCEDES-BENZ
7865,LANDINI
XTRAIL,NISSAN
CROMA,FIAT
KUGA,FORD
DUSTER DCI,DACIA
CX3,MAZDA
Mustang,FORD
MG5 NET BLUE,MG Motors
TRANSIT 410L,FORD
SUPER FLY,MISTRAL MOTO
MEGANE TCE,RENAULT
E200 CDI,DAIMLER AG
LAREDO,JEEP
K440,RENAULT TRUCKS
STRALIS 430,IVECO
ZIMOTA JOY 110,ZIMOTA
GLORY 580 1.5T CVT,DFSK
FIAT 500 DOLCEVITA,FIAT
SK110-A,MOTO SENKE
CRETA,HYUNDAI
C200CDI,MERCEDES-BENZ
R8860S,LANDINI
Aveo,CHEVROLET
MG 5,MG Motors
VIRTUS TSI,VOLKSWAGEN
GEELY GC6,GEELY
SAME EXPLORER 85,SAME
FH440,VOLVO
AUMARK C8215,FOTON
Ateca Xperience,SEAT
KUV 100 NXT K6+,MAHINDRA
Booster Rocket,BOOSTER
CERATO,KIA
POLO 5,VOLKSWAGEN
FOX,VOLKSWAGEN
SPRESSO,SUZUKI
ACCORD,HONDA
A6,AUDI
Qashqai Pure,NISSAN
Ciaz,SUZUKI
DS5,CITROËN
DS,CITROËN
GLE 53,MERCEDES-BENZ
DAILY 50-150,IVECO
MAJESTY YP150,YAMAHA MOTO
SKODA SCALA,SKODA
418i,BMW
POER,GREATWALL
35E12,IVECO
B9,PEUGEOT
MINI ONE COUNTRYMAN,MINI
309,PEUGEOT
308 BK,PEUGEOT
GLA 200 D,MERCEDES-BENZ
ANTARA,OPEL
AEROX,YAMAHA MOTO
HEROISM,KYMCO
BALY,HONDA
GOLF 7,VOLKSWAGEN
TIGGO 7 PRO,CHERY
BORA,VOLKSWAGEN
GRAND I10 X CENT,HYUNDAI
Tiguan 20L,VOLKSWAGEN
HILUX SRS,TOYOTA
FIGO TREND,FORD
ECOSPORT ECOBOOST,FORD
NEW STAR TRUCK,CHANA
FTM,Himalayan Moto
SONIC LS,CHEVROLET
C200,MERCEDES-BENZ
CITAN,MERCEDES-BENZ
PICASSO,CITROËN
MG3 VTI,MORRIS
FORZA D-MAX,FORZA MOTO
G410,SCANIA
JETTA 19 TDI,VOLKSWAGEN
Suzuki Spresso,SUZUKI
MONDEO,FORD
E220CDI,MERCEDES-BENZ
KENBO DVVT S3,BAIC YINXIANG
TIGGO 8 PRO,CHERY
H2 1.5T,GREATWALL
MAXXER250,KWANG YANG
BURGMAN STREET,SUZUKI MOTO
FOTON TUNLAND,BEIQI FOTON
Cheerful,CYCLOMOTEUR FTM
Duster,DACIA
207BK,PEUGEOT
COBRA FTM,MOTO COBRA
MINI TRUCK K01H 1 1,DFSK
TITANIUM,FORD
DFM AX4,DONGFENG - DFM
STONIC,KIA
F3 VVL,BYD
Q2 35 TFSI,AUDI
Latitude,RENAULT
LANDINI SUPER 100 B,LANDINI
SORENTO AWD,KIA
KALOS,CHEVROLET
AURIS,TOYOTA
TIGER3A,SYM MOTO
BERLINGO V,CITROËN
DOBLO PROFESSIONAL,FIAT
C250,MERCEDES-BENZ
MERLO P40.17EE,MERLO
SONIC,CHEVROLET
AMAZE I VTEC,HONDA
DREAM DY1245T-23,DAYUN MOTO
L300,MITSUBISHI
DOBLO 90 MULTIJET,FIAT
HYBRID CAYENNE,PORSCHE
FX1,SCOOTER UNISCOOT
ACTROS 2042 S,MERCEDES-BENZ
MAVERICK X3,CAN AM MOTO
E46,BMW
Sharan,VOLKSWAGEN
Eco Classic,ISUZU
108,PEUGEOT
ZIMOTA EAGLE,ZIMOTA
505,PEUGEOT
XUV300 W8,MAHINDRA
35-15 DAILY,IVECO
PARTNER XR,PEUGEOT
218i,BMW
320i,BMW
CLA 180,MERCEDES-BENZ
65SC15,IVECO
FTM110,Himalayan Moto
FEASTER FS125-4,CHONGQING FEAS
PISTA HR,HTA MOTO
TIGGO 7,CHERY
COOPERS,BMW
CLA 200,MERCEDES-BENZ
MIRAGE GLX,MITSUBISHI
R21,RENAULT
I VTEC,HONDA
ZS,MG Motors
LAGUNA,RENAULT
VIVARO,OPEL
BERLINE 306,PEUGEOT
50,PIAGGIO
CLASSIC,RENAULT
XT660X,YAMAHA MOTO
S350,MERCEDES-BENZ
GLC 200D4 MATIC,MERCEDES-BENZ
E350CDI,MERCEDES-BENZ
MIRAGE GLS,MITSUBISHI
KENBO S2 DVVT,BAIC YINXIANG
CORSA SWING,OPEL
SWING,OPEL
ASTRA BK,OPEL
SINUS,ZIMOTA
DFM SX3,DONGFENG - DFM
PUNTO 55 S,FIAT
308 SW,PEUGEOT
SWIFT 3,SUZUKI
CHEROKEE,CHRYSLER
XCeed - Berline,KIA
35C13,IVECO
Tucson Htrac 1.6,HYUNDAI
YPSILON,LANCIA
AGORA,RENAULT
EURO PARD 820,FOTON
DAILY 70150,IVECO
Vitara,SUZUKI
FAW BESTURN X40,FAW
Rexton,SSANGYONG
E3,CHERY
ACTYON SPORT,SSANGYONG
PASSAT 16 CONFORT,VOLKSWAGEN
Stepway,DACIA
Cuxi,Linhai Moto
ERTIGA,SUZUKI
VTT SUZUKI ERTIGA,SUZUKI
YAMAHA FLAME,YAMAHA MOTO
C220,MERCEDES-BENZ
YP125,MBK
GOLDEN DRAGON XI,GOLDEN DRAGON
K2500,KIA
IBIZA XCELLENCE,SEAT
116 série 1,BMW
STANT,BOOSTER
114D,BMW
A3TDI,AUDI
FIESTA ECOBOOST,FORD
A3 TFSI,AUDI
MG GT,MORRIS
BANGO,JIALING
SKY,HONDA
C180 KOMPRESSOR,MERCEDES-BENZ
520 (sedan),Lifan Breez
520,Lifan Breez
AMAROK TDI4 MOTO,VOLKSWAGEN
COMBO,OPEL
POWER,Hongben Moto
GLC 220 D,MERCEDES-BENZ
T CXOSS,VOLKSWAGEN
SPORTAGE CRDI AWD,KIA
SUPER DEER,IMM
607,PEUGEOT
RAV4 HYBRID,TOYOTA
T-Roc,VOLKSWAGEN
GSM 110,HENSIM
XCeed,KIA
IBIZA STYLE,SEAT
BERLINGO MULTISPACE,CITROËN
MG 6,MG Motors
A5 35 TFSI S LINE,AUDI
HE HEV,GREATWALL
Neoplan,MERCEDES-BENZ
STARIA 2.2D,HYUNDAI
A2,AUDI
KEE110,Zimota Keeway Moto
CHERY TIGGO 4,CHERY
DONGFENGE21,DONGFENG - DFM
GLC300,MERCEDES-BENZ
DAILY - BUS,IVECO - FIAT
AZUR,GUSITE
LEOPARD 200,LEOPARD MOTO
A160,MERCEDES-BENZ
JIMNY,SUZUKI
E180,MERCEDES-BENZ
VERACRUZ,ZNEN
ML350,MERCEDES-BENZ
TUSCONIX35,HYUNDAI
NOTE,NISSAN
WINGLE,GREATWALL
CUPRA,CUPRA
GLE 43 AMG,MERCEDES-BENZ
B2900,MAZDA
HS 20T,MG Motors
GOLF 16 TREND,VOLKSWAGEN
SGM MAX,MOTOCYCLE
GOLF 12 TREND,VOLKSWAGEN
GSXR 1000,SUZUKI MOTO
MINIONE,BMW
S-CROSS,SUZUKI
GRAND TIGER,HEBEIZHONGXING
XENON X2,TATA
ERMAX,KAWASAKI
B2500D,MAZDA
X2 SDRIVE 18i,BMW
MINI TRUCK K01H 1.3,DFSK
KAROQ,SKODA
MG6 20T,MG Motors
YARIS HYBRID,TOYOTA
BBM 110,Himalayan Moto
RR2,MAN
380T38 TRAKKER,IVECO
SUPER FORZA,FORZA MOTO
Ludix,PEUGEOT
CARAVELLE,VOLKSWAGEN
A6 55 TFSI QUATTR,AUDI
K4,RENAULT TRUCKS
PARTNER 110,Keeway Moto
STRALIS 400,IVECO
719,WALLYSCAR
STONIC GTLINE,KIA
Trajet,HYUNDAI
MAZDA 6,MAZDA
SM5,Renault Samsung
SM 520,Renault Samsung
R18,RENAULT
Forthing T5 EVO,DONGFENG - DFM
MAZDA BT50,MAZDA
SKODA KAMIQ,SKODA
FIGO,FORD
X1SDRIVE18I,BMW
GRAND CHEROKEE,CHRYSLER
E220,MERCEDES-BENZ
MT07,YAMAHA MOTO
SYMPHONY ST,SYM MOTO
TOLEDO,SEAT
ALTEA,SEAT
GEELY GX3 PRO,GEELY
SY 125,SANYA MOTO
SLC125,RONGLI
DAILY,IVECO
SANDERO STEPWAY,DACIA
FTM HAMMER III,ALPHA
GR-FORCE,Bewheels
R1250,BMW MOTO
GOLF PLUS,VOLKSWAGEN
ITUCY,SPARK MOTO
F700GS,BMW MOTO
Z1000AB5,KAWASAKI
SPORTAGE GT LINE,KIA
CHERY TIGGO 1X,CHERY
CORDOBA,SEAT
Fortuner,TOYOTA
OCTAVIA STYLE,SKODA
DFSK ESC C32,DFSK
CROSS 40S,LAMBORGHINI
K2700,KIA
MAX 125,FIRST MOTOS
E200CGI,MERCEDES-BENZ
FIAT 500 CULT-CLUB,FIAT
GLE 500,MERCEDES-BENZ
GOLF 8,VOLKSWAGEN
ALTO,SUZUKI
SLC 125,Hongli
ET 2,PIAGGIO
PISTA VCX,HTA MOTO
FOTON TUNLANDE,FOTON
T-CROSS,VOLKSWAGEN
MG EHS PHEV,MG Motors
PHANTOM RC,LONGJIA
REWARD-NQ,ISUZU
CB1000R,HONDA
PW,DIAMOND
SELTOS 1.4 TURBO,KIA
A4 TFSI,AUDI
GROOVE PREMIER,CHEVROLET
NAVARE LE,NISSAN
HD 35,HYUNDAI
ML 320 CDI,MERCEDES-BENZ
FORZA GMC,FORZA MOTO
VITO,MERCEDES-BENZ
M7040D,KUBOTA
ML 250 CDI,MERCEDES-BENZ
AVENSIS,TOYOTA
FORZA XTF,FORZA MOTO
PHANTOM,FORZA MOTO
DOBLO  PANORAMA,FIAT
FORZA SUPER MAX,FORZA MOTO
GS3 200T,GAC MOTOR
MINI COOPER,BMW
EMAX,Hongli
CLASSE CLA,MERCEDES-BENZ
ADAM AG,OPEL
ADAM,OPEL
SC6021,HONDA
LEON XCELLENCE,SEAT
ZIMOTA JOY,ZIMOTA
FORWARD-FV,ISUZU
FIESTA FLAIR,FORD
GREATWALL M4,GREATWALL
CLASSE C,MERCEDES-BENZ
KA,FORD
SRB272,SOTIME
S MAX,Bewheels
HECHA,HELI
Multivan,VOLKSWAGEN
Fronx,SUZUKI
C440 DXI 11,RENAULT TRUCKS
SKODA KUSHAQ,SKODA
Mobylette FTM,Mobylette
GLORY 500 FENGON,DFSK
C200K,MERCEDES-BENZ
ORBIT,SYM MOTO
ORBIT 2,SYM MOTO
HL 125,Hongli
TRANSIT CUSTOM,FORD
i30 1.0T,HYUNDAI
FREELANDER2,JAGUAR - LAND ROVER
CAPPUCCINO,GUSITE
70C15,IVECO
LX,PIAGGIO
